gender,race/ethnicity,tingkat_pendidikan_ortu,lunch,test preparation course,mtk,membaca,menulis
Perempuan,Arab,SD,standard,completed,69,90,88
Laki-laki,Arab,SD,standard,none,76,78,75
Laki-laki,Arab,SD,standard,none,53,44,42
Perempuan,Arab,SD,standard,none,60,72,74
Perempuan,Arab,SD,standard,none,73,80,82
Perempuan,Arab,SD,free/reduced,none,76,83,88
Laki-laki,Arab,SD,standard,completed,98,86,90
Perempuan,Arab,SD,standard,none,58,67,72
Perempuan,Arab,SD,standard,none,55,69,65
Perempuan,Arab,SD,standard,completed,88,93,93
Perempuan,Arab,SD,standard,completed,75,81,84
Perempuan,Arab,SD,free/reduced,none,59,62,64
Perempuan,Arab,SD,free/reduced,none,22,39,33
Perempuan,Arab,SD,standard,completed,70,89,88
Perempuan,Arab,SD,free/reduced,completed,67,75,70
Perempuan,Arab,SD,free/reduced,none,46,64,66
Laki-laki,Arab,SD,standard,none,59,41,42
Laki-laki,Arab,SD,free/reduced,none,35,28,27
Perempuan,Arab,SD,standard,none,72,72,71
Perempuan,Arab,SD,standard,completed,88,95,94
Laki-laki,Arab,SD,standard,completed,79,79,78
Laki-laki,Arab,SD,standard,none,58,49,42
Perempuan,Arab,SD,standard,none,71,81,80
Perempuan,Arab,SD,standard,none,82,90,94
Laki-laki,Arab,SD,standard,none,61,61,62
Perempuan,Arab,SD,standard,completed,63,78,80
Perempuan,Arab,SD,standard,none,59,71,70
Perempuan,Arab,SD,free/reduced,completed,42,66,69
Perempuan,Arab,SD,standard,none,52,58,58
Laki-laki,Arab,SD,standard,none,59,60,58
Perempuan,Arab,SD,free/reduced,completed,45,73,70
Perempuan,Arab,SD,free/reduced,none,62,67,62
Laki-laki,Arab,SD,free/reduced,completed,50,48,53
Perempuan,Arab,SD,standard,completed,67,81,79
Perempuan,Arab,SD,free/reduced,completed,64,85,85
Laki-laki,Arab,SD,free/reduced,none,65,58,49
Perempuan,Arab,SD,free/reduced,none,77,90,91
Perempuan,Arab,SD,standard,none,84,87,91
Laki-laki,Arab,SD,standard,none,91,74,76
Laki-laki,Arab,SD,free/reduced,none,68,68,61
Perempuan,Arab,SD,standard,none,83,83,90
Perempuan,Arab,SD,standard,none,54,48,52
Laki-laki,Arab,SD,free/reduced,none,63,61,54
Perempuan,Arab,SD,free/reduced,none,32,39,33
Perempuan,Arab,SD,standard,none,63,74,74
Perempuan,Arab,SD,standard,none,53,62,56
Perempuan,Arab,SD,standard,none,54,64,65
Laki-laki,Arab,SD,free/reduced,none,58,57,54
Perempuan,Arab,SD,standard,none,58,59,66
Laki-laki,Arab,SD,free/reduced,none,74,77,73
Perempuan,Arab,SD,free/reduced,completed,63,73,71
Laki-laki,Arab,SD,standard,none,73,74,61
Perempuan,Arab,SD,standard,none,69,78,76
Laki-laki,Arab,SD,standard,none,66,59,52
Laki-laki,Arab,SD,standard,completed,93,84,90
Perempuan,Arab,SD,free/reduced,none,62,72,70
Laki-laki,Arab,SD,standard,none,53,39,37
Perempuan,Arab,SD,standard,completed,87,89,94
Laki-laki,Arab,SD,standard,none,69,64,68
Perempuan,Arab,SD,free/reduced,none,35,44,43
Perempuan,Arab,SD,standard,none,73,76,78
Perempuan,Arab,SD,standard,completed,71,71,80
Perempuan,Arab,SD,standard,completed,70,72,76
Laki-laki,Arab,SD,free/reduced,none,80,64,66
Laki-laki,Arab,SD,free/reduced,completed,67,74,70
Perempuan,Arab,SD,standard,none,62,69,69
Laki-laki,Arab,SD,standard,none,84,87,81
Laki-laki,Arab,SD,standard,none,63,63,60
Perempuan,Arab,SD,standard,completed,64,82,77
Laki-laki,Arab,D3,standard,none,58,54,52
Perempuan,Arab,D3,free/reduced,none,54,58,61
Laki-laki,Arab,D3,free/reduced,none,55,61,54
Perempuan,Arab,D3,standard,none,58,73,68
Perempuan,Arab,D3,standard,none,69,80,71
Perempuan,Arab,D3,standard,none,39,64,57
Laki-laki,Arab,D3,free/reduced,completed,43,45,50
Laki-laki,Arab,D3,free/reduced,completed,78,81,82
Perempuan,Arab,D3,standard,none,59,66,67
Laki-laki,Arab,D3,free/reduced,none,73,68,66
Perempuan,Arab,D3,standard,none,63,67,70
Perempuan,Arab,D3,standard,completed,71,77,77
Laki-laki,Arab,D3,free/reduced,completed,65,67,65
Perempuan,Arab,D3,standard,completed,67,84,86
Laki-laki,Arab,D3,standard,none,69,77,69
Laki-laki,Arab,D3,free/reduced,completed,60,51,56
Laki-laki,Arab,D3,standard,none,46,43,42
Laki-laki,Arab,D3,standard,none,84,80,80
Laki-laki,Arab,D3,standard,none,85,76,71
Perempuan,Arab,D3,free/reduced,none,64,73,68
Laki-laki,Arab,D3,standard,completed,78,77,77
Laki-laki,Arab,D3,standard,none,76,70,68
Perempuan,Arab,D3,standard,completed,67,84,81
Perempuan,Arab,D3,standard,completed,74,75,83
Perempuan,Arab,D3,free/reduced,completed,68,67,69
Laki-laki,Arab,D3,standard,none,83,72,78
Laki-laki,Arab,D3,standard,completed,82,75,77
Laki-laki,Arab,D3,standard,none,47,37,35
Laki-laki,Arab,D3,standard,none,49,51,43
Perempuan,Arab,D3,standard,none,46,58,57
Laki-laki,Arab,D3,standard,completed,87,100,95
Perempuan,Arab,D3,free/reduced,none,57,78,67
Laki-laki,Arab,D3,standard,completed,57,54,56
Perempuan,Arab,D3,standard,none,85,89,95
Laki-laki,Arab,D3,standard,none,74,73,67
Perempuan,Arab,D3,free/reduced,completed,82,93,93
Laki-laki,Arab,D3,free/reduced,none,64,66,59
Perempuan,Arab,D3,free/reduced,none,65,77,74
Perempuan,Arab,D3,free/reduced,none,53,61,62
Perempuan,Arab,D3,standard,completed,83,85,90
Perempuan,Arab,D3,standard,completed,68,86,84
Perempuan,Arab,D3,free/reduced,none,60,75,74
Perempuan,Arab,D3,standard,none,64,64,70
Perempuan,Arab,D3,standard,none,91,86,84
Perempuan,Arab,D3,standard,none,62,74,70
Perempuan,Arab,D3,standard,completed,68,67,73
Laki-laki,Arab,D3,standard,completed,51,60,58
Perempuan,Arab,D3,standard,none,81,77,79
Perempuan,Arab,D3,standard,completed,55,72,79
Perempuan,Arab,D3,standard,none,65,76,76
Perempuan,Arab,D3,standard,none,85,84,82
Perempuan,Arab,D3,standard,none,65,77,74
Laki-laki,Arab,D3,free/reduced,completed,65,73,68
Laki-laki,Arab,D3,free/reduced,none,77,67,64
Perempuan,Arab,D3,standard,completed,65,84,84
Perempuan,Arab,D3,standard,none,49,53,53
Perempuan,Arab,D3,standard,completed,75,82,90
Laki-laki,Arab,D3,standard,completed,73,78,72
Perempuan,Arab,D3,standard,completed,96,96,99
Laki-laki,Arab,D3,standard,none,92,79,84
Perempuan,Arab,D3,standard,completed,59,73,72
Laki-laki,Arab,D3,free/reduced,none,58,55,53
Perempuan,Arab,D3,standard,completed,52,59,62
Laki-laki,Arab,D3,free/reduced,none,68,65,61
Perempuan,Arab,D3,standard,none,52,55,57
Perempuan,Arab,D3,free/reduced,completed,56,68,70
Perempuan,Arab,D3,standard,none,66,77,73
Laki-laki,Arab,D3,free/reduced,none,87,73,72
Perempuan,Arab,D3,standard,none,53,62,53
Laki-laki,Arab,D3,standard,none,97,93,91
Laki-laki,Arab,D3,free/reduced,none,49,51,51
Perempuan,Arab,D3,standard,completed,62,76,80
Perempuan,Arab,D3,standard,completed,57,77,80
Laki-laki,Arab,D3,standard,completed,98,87,90
Perempuan,Arab,D3,standard,none,54,61,58
Laki-laki,Arab,D3,standard,none,62,65,58
Perempuan,Arab,D3,standard,none,91,95,94
Perempuan,Arab,D3,standard,none,40,59,51
Perempuan,Arab,S1,standard,none,67,69,75
Perempuan,Arab,S1,standard,none,65,72,74
Perempuan,Arab,S1,standard,completed,79,92,89
Laki-laki,Arab,S1,standard,none,58,55,48
Perempuan,Arab,S1,standard,completed,96,100,100
Perempuan,Arab,S1,free/reduced,completed,43,51,54
Perempuan,Arab,S1,standard,none,77,88,87
Laki-laki,Arab,S1,standard,completed,83,82,84
Perempuan,Arab,S1,standard,none,63,75,81
Laki-laki,Arab,S1,standard,none,69,63,61
Laki-laki,Arab,S1,standard,none,83,78,73
Perempuan,Arab,S1,standard,completed,59,64,75
Perempuan,Arab,S1,standard,none,83,93,95
Perempuan,Arab,S1,standard,completed,77,94,95
Laki-laki,Arab,S1,free/reduced,none,61,66,61
Perempuan,Arab,S1,free/reduced,completed,51,72,79
Laki-laki,Arab,S1,standard,completed,71,74,68
Laki-laki,Arab,S1,standard,none,86,83,86
Laki-laki,Arab,S1,free/reduced,none,37,56,47
Laki-laki,Arab,S1,free/reduced,none,53,58,55
Perempuan,Arab,S1,standard,none,81,88,90
Perempuan,Arab,S1,standard,none,86,92,87
Perempuan,Arab,S1,free/reduced,completed,66,83,83
Laki-laki,Arab,S1,standard,completed,96,90,92
Perempuan,Arab,S1,free/reduced,none,44,63,62
Perempuan,Arab,S1,standard,completed,92,100,99
Perempuan,Arab,S1,standard,completed,56,79,72
Laki-laki,Arab,S1,standard,completed,94,90,91
Perempuan,Arab,S1,free/reduced,completed,66,74,81
Perempuan,Arab,S1,free/reduced,none,50,60,59
Perempuan,Arab,S1,free/reduced,none,62,78,79
Laki-laki,Arab,S1,standard,completed,91,81,79
Perempuan,Arab,S1,free/reduced,completed,74,86,89
Perempuan,Arab,S1,standard,none,65,79,81
Perempuan,Arab,S1,free/reduced,none,43,62,61
Laki-laki,Arab,S1,standard,completed,63,64,66
Perempuan,Arab,S1,free/reduced,none,67,75,72
Perempuan,Arab,S1,standard,completed,52,61,66
Perempuan,Arab,S1,free/reduced,completed,47,62,66
Laki-laki,Arab,S1,free/reduced,completed,70,75,74
Laki-laki,Arab,S2,free/reduced,completed,46,42,46
Perempuan,Arab,S2,standard,completed,81,91,87
Laki-laki,Arab,S2,free/reduced,completed,62,68,75
Perempuan,Arab,S2,standard,completed,69,84,85
Perempuan,Arab,S2,free/reduced,completed,65,81,81
Laki-laki,Arab,S2,free/reduced,none,79,81,71
Laki-laki,Arab,S2,standard,none,79,78,77
Laki-laki,Arab,S2,free/reduced,none,54,59,50
Laki-laki,Arab,S2,standard,none,79,72,69
Laki-laki,Arab,S2,free/reduced,none,61,67,66
Perempuan,Arab,S2,free/reduced,none,40,58,54
Laki-laki,Arab,S2,standard,none,67,57,59
Laki-laki,Arab,S2,free/reduced,completed,79,77,75
Perempuan,Arab,S2,free/reduced,none,52,65,61
Perempuan,Arab,S2,standard,completed,54,64,67
Laki-laki,Arab,S2,standard,completed,91,85,85
Laki-laki,Arab,S2,standard,none,71,67,67
Perempuan,Arab,S2,standard,none,73,78,74
Laki-laki,Arab,S2,free/reduced,completed,72,66,72
Laki-laki,Arab,SMA/SMK,standard,none,88,89,86
Laki-laki,Arab,SMA/SMK,standard,none,70,70,65
Perempuan,Arab,SMA/SMK,standard,none,66,71,76
Laki-laki,Arab,SMA/SMK,standard,completed,82,84,82
Perempuan,Arab,SMA/SMK,free/reduced,none,33,41,43
Laki-laki,Arab,SMA/SMK,free/reduced,none,27,34,36
Laki-laki,Arab,SMA/SMK,standard,none,71,79,71
Laki-laki,Arab,SMA/SMK,standard,none,62,55,49
Laki-laki,Arab,SMA/SMK,standard,none,84,77,74
Laki-laki,Arab,SMA/SMK,standard,none,52,53,49
Laki-laki,Arab,SMA/SMK,free/reduced,completed,53,51,51
Perempuan,Arab,SMA/SMK,free/reduced,none,42,62,60
Perempuan,Arab,SMA/SMK,free/reduced,none,34,42,39
Laki-laki,Arab,SMA/SMK,standard,none,68,60,53
Laki-laki,Arab,SMA/SMK,free/reduced,completed,40,46,50
Laki-laki,Arab,SMA/SMK,standard,none,71,66,65
Perempuan,Arab,SMA/SMK,free/reduced,completed,67,79,84
Perempuan,Arab,SMA/SMK,free/reduced,none,41,46,43
Laki-laki,Arab,SMA/SMK,standard,none,71,60,61
Laki-laki,Arab,SMA/SMK,free/reduced,none,58,61,52
Perempuan,Arab,SMA/SMK,standard,none,61,73,63
Perempuan,Arab,SMA/SMK,standard,none,72,80,75
Laki-laki,Arab,SMA/SMK,standard,completed,69,58,53
Perempuan,Arab,SMA/SMK,standard,none,54,59,62
Perempuan,Arab,SMA/SMK,standard,none,61,72,70
Laki-laki,Arab,SMA/SMK,standard,none,61,56,55
Laki-laki,Arab,SMA/SMK,standard,none,70,56,51
Laki-laki,Arab,SMA/SMK,standard,completed,86,81,80
Perempuan,Arab,SMA/SMK,standard,none,63,69,74
Laki-laki,Arab,SMA/SMK,standard,none,70,74,71
Laki-laki,Arab,SMA/SMK,standard,completed,53,52,49
Perempuan,Arab,SMA/SMK,free/reduced,none,36,53,43
Laki-laki,Arab,SMA/SMK,standard,completed,75,69,68
Laki-laki,Arab,SMA/SMK,standard,completed,72,67,64
Perempuan,Arab,SMA/SMK,free/reduced,none,62,67,64
Perempuan,Arab,SMA/SMK,free/reduced,completed,50,66,64
Perempuan,Arab,SMA/SMK,standard,none,29,29,30
Perempuan,Arab,SMA/SMK,standard,none,60,68,72
Perempuan,Arab,SMA/SMK,free/reduced,none,35,61,54
Laki-laki,Arab,SMA/SMK,free/reduced,completed,58,51,52
Perempuan,Arab,SMA/SMK,standard,none,75,88,85
Perempuan,Arab,SMA/SMK,standard,none,65,69,67
Perempuan,Arab,SMA/SMK,free/reduced,none,66,76,68
Laki-laki,Arab,SMA/SMK,free/reduced,none,66,66,59
Perempuan,Arab,SMA/SMK,standard,none,76,76,74
Laki-laki,Arab,SMA/SMK,standard,none,50,48,42
Laki-laki,Arab,SMA/SMK,free/reduced,none,61,60,55
Perempuan,Arab,SMA/SMK,standard,none,81,84,82
Perempuan,Arab,SMA/SMK,free/reduced,none,53,72,64
Perempuan,Arab,SMA/SMK,standard,completed,58,75,77
Laki-laki,Arab,SMA/SMK,standard,none,90,75,69
Perempuan,Arab,SMA/SMK,standard,none,72,80,83
Laki-laki,Arab,SMA/SMK,standard,none,62,67,58
Perempuan,Arab,SMA/SMK,standard,completed,60,64,74
Perempuan,Arab,SMA/SMK,standard,none,59,72,68
Laki-laki,Arab,SMA/SMK,free/reduced,none,59,53,52
Laki-laki,Arab,SMA/SMK,free/reduced,none,54,72,59
Perempuan,Arab,SMA/SMK,standard,none,44,61,52
Perempuan,Arab,SMA/SMK,free/reduced,none,35,53,46
Laki-laki,Arab,SMA/SMK,standard,none,81,66,64
Laki-laki,Arab,SMA/SMK,standard,completed,58,52,54
Laki-laki,Arab,SMA/SMK,standard,none,75,81,71
Laki-laki,Arab,SMA/SMK,free/reduced,none,62,55,55
Perempuan,Arab,SMA/SMK,free/reduced,completed,59,71,65
Perempuan,Arab,SMP,standard,none,69,75,78
Perempuan,Arab,SMP,standard,none,69,73,73
Perempuan,Arab,SMP,free/reduced,completed,71,84,87
Perempuan,Arab,SMP,free/reduced,none,0,17,10
Laki-laki,Arab,SMP,free/reduced,none,61,57,56
Laki-laki,Arab,SMP,standard,none,49,49,41
Laki-laki,Arab,SMP,free/reduced,completed,53,37,40
Laki-laki,Arab,SMP,free/reduced,completed,45,52,49
Laki-laki,Arab,SMP,free/reduced,completed,59,69,65
Perempuan,Arab,SMP,free/reduced,none,55,65,62
Perempuan,Arab,SMP,free/reduced,completed,64,79,77
Perempuan,Arab,SMP,free/reduced,none,44,50,51
Perempuan,Arab,SMP,standard,completed,85,92,93
Perempuan,Arab,SMP,free/reduced,none,65,86,80
Laki-laki,Arab,SMP,standard,completed,63,60,57
Laki-laki,Arab,SMP,standard,none,51,52,44
Perempuan,Arab,SMP,free/reduced,none,43,53,53
Perempuan,Arab,SMP,standard,completed,65,74,77
Perempuan,Arab,SMP,standard,completed,59,54,67
Perempuan,Arab,SMP,standard,none,63,73,68
Laki-laki,Arab,SMP,free/reduced,none,69,71,65
Laki-laki,Arab,SMP,free/reduced,none,68,63,54
Laki-laki,Arab,SMP,standard,none,73,66,66
Perempuan,Arab,SMP,standard,completed,67,74,77
Perempuan,Arab,SMP,standard,completed,76,87,85
Laki-laki,Arab,SMP,free/reduced,completed,56,61,60
Perempuan,Arab,SMP,standard,none,47,54,53
Laki-laki,Arab,SMP,free/reduced,none,79,76,65
Laki-laki,Arab,SMP,standard,none,75,72,62
Perempuan,Arab,SMP,standard,completed,44,51,55
Laki-laki,Arab,SMP,free/reduced,completed,51,56,53
Laki-laki,Arab,SMP,standard,none,73,66,63
Perempuan,Arab,SMP,free/reduced,completed,50,60,60
Perempuan,Arab,SMP,standard,completed,70,82,76
Perempuan,Arab,SMP,free/reduced,completed,29,40,44
Perempuan,Arab,SMP,standard,none,49,63,56
Perempuan,Arab,SMP,standard,completed,77,90,85
Laki-laki,Arab,SMP,standard,completed,67,73,68
Laki-laki,Arab,SMP,standard,completed,76,80,73
Perempuan,Arab,SMP,standard,none,77,91,88
Perempuan,Arab,SMP,free/reduced,none,48,58,52
Perempuan,Arab,SMP,standard,none,65,69,76
Laki-laki,Arab,SMP,standard,none,64,58,51
Laki-laki,Arab,SMP,standard,none,62,64,55
Laki-laki,Arab,SMP,standard,none,57,61,54
Perempuan,Arab,SMP,free/reduced,none,48,56,51
Perempuan,Arab,SMP,free/reduced,completed,65,76,75
Laki-laki,Arab,SMP,standard,completed,78,72,69
Perempuan,Arab,SMP,standard,none,74,75,82
Laki-laki,Jawa,SD,standard,none,44,54,53
Perempuan,Jawa,SD,standard,none,69,74,74
Laki-laki,Jawa,SD,standard,none,40,42,38
Laki-laki,Jawa,SD,standard,completed,58,59,58
Perempuan,Jawa,SD,free/reduced,completed,58,63,73
Laki-laki,Jawa,SD,standard,completed,63,55,63
Perempuan,Jawa,SD,free/reduced,none,58,67,62
Perempuan,Jawa,SD,standard,none,51,58,54
Laki-laki,Jawa,SD,standard,completed,65,77,74
Laki-laki,Jawa,SD,standard,completed,71,61,69
Laki-laki,Jawa,SD,standard,none,88,73,78
Perempuan,Jawa,SD,standard,none,79,86,81
Laki-laki,Jawa,SD,standard,completed,76,83,79
Laki-laki,Jawa,SD,standard,completed,77,62,62
Perempuan,Jawa,SD,free/reduced,none,65,81,77
Laki-laki,Jawa,SD,standard,none,76,64,66
Perempuan,Jawa,SD,free/reduced,none,71,83,83
Perempuan,Jawa,SD,standard,none,65,70,71
Perempuan,Jawa,SD,free/reduced,completed,70,78,78
Laki-laki,Jawa,SD,standard,none,79,73,67
Laki-laki,Jawa,SD,free/reduced,none,59,62,61
Perempuan,Jawa,SD,standard,none,80,90,89
Perempuan,Jawa,SD,standard,completed,82,97,96
Perempuan,Jawa,SD,standard,none,77,68,77
Laki-laki,Jawa,SD,standard,none,68,59,62
Laki-laki,Jawa,SD,free/reduced,none,69,66,60
Laki-laki,Jawa,SD,free/reduced,none,61,47,56
Perempuan,Jawa,SD,free/reduced,completed,59,78,76
Laki-laki,Jawa,SD,standard,none,76,71,73
Perempuan,Jawa,SD,standard,none,74,89,84
Laki-laki,Jawa,SD,standard,none,71,49,52
Laki-laki,Jawa,SD,free/reduced,none,77,62,64
Perempuan,Jawa,SD,standard,completed,74,75,79
Perempuan,Jawa,SD,free/reduced,completed,63,80,80
Perempuan,Jawa,SD,standard,none,69,77,77
Laki-laki,Jawa,SD,free/reduced,completed,69,60,63
Laki-laki,Jawa,SD,standard,completed,100,97,99
Laki-laki,Jawa,SD,free/reduced,none,49,57,46
Laki-laki,Jawa,SD,standard,none,67,64,70
Perempuan,Jawa,SD,standard,completed,69,79,81
Perempuan,Jawa,SD,standard,completed,85,86,98
Perempuan,Jawa,SD,free/reduced,none,55,71,69
Laki-laki,Jawa,SD,free/reduced,none,63,61,60
Perempuan,Jawa,SD,free/reduced,none,79,89,86
Perempuan,Jawa,SD,standard,none,63,64,67
Perempuan,Jawa,SD,standard,none,98,100,99
Laki-laki,Jawa,SD,standard,none,55,58,52
Perempuan,Jawa,SD,free/reduced,completed,52,59,65
Laki-laki,Jawa,SD,standard,none,60,63,59
Perempuan,Jawa,SD,free/reduced,none,60,66,70
Perempuan,Jawa,SD,free/reduced,none,64,74,75
Laki-laki,Jawa,SD,standard,completed,82,82,88
Laki-laki,Jawa,SD,standard,none,81,82,84
Perempuan,Jawa,SD,free/reduced,none,69,65,74
Laki-laki,Jawa,SD,standard,none,88,77,77
Perempuan,Jawa,SD,standard,completed,79,84,91
Laki-laki,Jawa,SD,free/reduced,none,62,57,62
Laki-laki,Jawa,SD,free/reduced,none,70,63,58
Laki-laki,Jawa,SD,standard,completed,85,81,85
Perempuan,Jawa,SD,free/reduced,none,49,58,60
Perempuan,Jawa,SD,standard,completed,75,77,83
Laki-laki,Jawa,SD,standard,none,72,57,58
Perempuan,Jawa,SD,standard,none,62,70,72
Perempuan,Jawa,SD,free/reduced,none,49,65,61
Perempuan,Jawa,SD,free/reduced,completed,67,86,83
Perempuan,Jawa,SD,standard,completed,68,78,77
Perempuan,Jawa,SD,free/reduced,none,77,86,86
Laki-laki,Jawa,D3,standard,none,40,52,43
Perempuan,Jawa,D3,standard,none,74,81,83
Perempuan,Jawa,D3,free/reduced,completed,75,90,88
Perempuan,Jawa,D3,free/reduced,completed,57,74,76
Laki-laki,Jawa,D3,standard,none,52,55,49
Perempuan,Jawa,D3,standard,none,71,71,74
Perempuan,Jawa,D3,standard,none,85,91,89
Perempuan,Jawa,D3,free/reduced,completed,77,89,98
Laki-laki,Jawa,D3,free/reduced,none,66,62,64
Perempuan,Jawa,D3,standard,none,65,69,70
Laki-laki,Jawa,D3,standard,none,61,55,52
Laki-laki,Jawa,D3,standard,none,80,75,77
Perempuan,Jawa,D3,standard,completed,88,92,95
Perempuan,Jawa,D3,free/reduced,none,47,53,58
Laki-laki,Jawa,D3,free/reduced,none,90,87,75
Perempuan,Jawa,D3,free/reduced,none,56,65,63
Laki-laki,Jawa,D3,standard,completed,67,72,67
Laki-laki,Jawa,D3,standard,completed,87,84,85
Laki-laki,Jawa,D3,standard,none,71,66,60
Laki-laki,Jawa,D3,standard,none,75,68,64
Laki-laki,Jawa,D3,free/reduced,none,75,66,73
Laki-laki,Jawa,D3,free/reduced,none,53,54,48
Perempuan,Jawa,D3,free/reduced,none,26,31,38
Laki-laki,Jawa,D3,standard,none,80,68,72
Perempuan,Jawa,D3,free/reduced,none,52,59,56
Laki-laki,Jawa,D3,free/reduced,completed,79,82,80
Perempuan,Jawa,D3,standard,none,82,95,89
Perempuan,Jawa,D3,standard,completed,73,75,80
Laki-laki,Jawa,D3,standard,none,61,48,46
Perempuan,Jawa,D3,standard,none,76,74,73
Perempuan,Jawa,D3,free/reduced,completed,74,88,90
Perempuan,Jawa,D3,standard,none,59,70,65
Perempuan,Jawa,D3,free/reduced,none,43,60,58
Laki-laki,Jawa,D3,standard,none,90,87,85
Laki-laki,Jawa,D3,standard,none,80,63,63
Laki-laki,Jawa,D3,standard,completed,81,72,77
Laki-laki,Jawa,D3,free/reduced,none,52,57,50
Laki-laki,Jawa,D3,free/reduced,none,81,75,78
Laki-laki,Jawa,D3,free/reduced,none,77,78,73
Perempuan,Jawa,D3,standard,none,77,77,73
Perempuan,Jawa,D3,standard,completed,57,78,79
Perempuan,Jawa,D3,free/reduced,completed,42,61,58
Laki-laki,Jawa,D3,standard,none,81,71,73
Laki-laki,Jawa,D3,standard,none,72,79,74
Perempuan,Jawa,D3,free/reduced,none,46,56,57
Laki-laki,Jawa,D3,standard,none,80,75,69
Perempuan,Jawa,D3,standard,none,64,76,74
Laki-laki,Jawa,D3,standard,completed,67,54,63
Laki-laki,Jawa,D3,free/reduced,completed,61,71,73
Perempuan,Jawa,D3,free/reduced,none,55,76,76
Laki-laki,Jawa,S1,free/reduced,completed,74,71,80
Perempuan,Jawa,S1,standard,none,65,67,62
Laki-laki,Jawa,S1,standard,completed,68,74,74
Perempuan,Jawa,S1,standard,none,78,82,79
Laki-laki,Jawa,S1,free/reduced,completed,74,79,75
Perempuan,Jawa,S1,standard,completed,68,75,81
Laki-laki,Jawa,S1,standard,none,54,49,47
Laki-laki,Jawa,S1,free/reduced,none,63,66,67
Perempuan,Jawa,S1,free/reduced,none,73,79,84
Laki-laki,Jawa,S1,standard,completed,67,61,68
Perempuan,Jawa,S1,standard,none,59,70,73
Perempuan,Jawa,S1,standard,none,79,89,89
Perempuan,Jawa,S1,standard,completed,71,76,83
Laki-laki,Jawa,S1,standard,none,69,58,57
Perempuan,Jawa,S1,free/reduced,none,29,41,47
Laki-laki,Jawa,S1,free/reduced,none,68,68,67
Perempuan,Jawa,S1,free/reduced,none,63,73,78
Laki-laki,Jawa,S1,standard,none,88,78,83
Laki-laki,Jawa,S1,standard,none,80,73,72
Laki-laki,Jawa,S1,standard,none,75,73,74
Laki-laki,Jawa,S1,free/reduced,completed,61,70,76
Perempuan,Jawa,S1,free/reduced,none,78,90,93
Laki-laki,Jawa,S1,free/reduced,completed,39,42,38
Laki-laki,Jawa,S1,free/reduced,none,55,46,44
Perempuan,Jawa,S1,free/reduced,completed,93,100,100
Laki-laki,Jawa,S1,free/reduced,none,50,42,48
Perempuan,Jawa,S1,standard,none,89,100,100
Perempuan,Jawa,S1,free/reduced,none,62,72,74
Perempuan,Jawa,S2,standard,none,62,70,75
Perempuan,Jawa,S2,standard,none,87,100,100
Laki-laki,Jawa,S2,standard,none,82,82,74
Laki-laki,Jawa,S2,standard,none,89,84,82
Laki-laki,Jawa,S2,standard,none,80,80,72
Perempuan,Jawa,S2,standard,completed,77,82,91
Perempuan,Jawa,S2,free/reduced,completed,85,95,100
Laki-laki,Jawa,S2,standard,none,73,70,75
Perempuan,Jawa,S2,standard,completed,70,71,74
Perempuan,Jawa,S2,free/reduced,completed,47,58,67
Perempuan,Jawa,S2,standard,none,55,64,70
Perempuan,Jawa,S2,standard,none,74,79,82
Perempuan,Jawa,S2,free/reduced,none,40,59,54
Perempuan,Jawa,S2,standard,none,64,63,66
Perempuan,Jawa,S2,free/reduced,completed,61,71,78
Perempuan,Jawa,S2,standard,none,53,61,68
Perempuan,Jawa,S2,standard,none,54,60,63
Laki-laki,Jawa,S2,free/reduced,completed,84,89,90
Laki-laki,Jawa,S2,standard,none,95,81,84
Laki-laki,Jawa,S2,standard,none,81,81,84
Laki-laki,Jawa,S2,standard,none,85,84,89
Perempuan,Jawa,S2,standard,none,78,91,96
Perempuan,Jawa,S2,standard,none,92,100,100
Laki-laki,Jawa,SMA/SMK,free/reduced,completed,64,64,67
Laki-laki,Jawa,SMA/SMK,standard,none,66,69,63
Laki-laki,Jawa,SMA/SMK,standard,none,88,78,75
Laki-laki,Jawa,SMA/SMK,free/reduced,none,42,39,34
Laki-laki,Jawa,SMA/SMK,free/reduced,none,63,57,56
Perempuan,Jawa,SMA/SMK,standard,completed,56,68,74
Laki-laki,Jawa,SMA/SMK,standard,none,57,50,54
Laki-laki,Jawa,SMA/SMK,free/reduced,completed,73,68,66
Perempuan,Jawa,SMA/SMK,standard,none,56,52,55
Laki-laki,Jawa,SMA/SMK,standard,none,54,52,52
Laki-laki,Jawa,SMA/SMK,standard,none,76,73,68
Perempuan,Jawa,SMA/SMK,standard,none,69,72,77
Laki-laki,Jawa,SMA/SMK,standard,none,53,52,42
Laki-laki,Jawa,SMA/SMK,standard,none,45,48,46
Laki-laki,Jawa,SMA/SMK,free/reduced,completed,78,77,80
Perempuan,Jawa,SMA/SMK,free/reduced,none,49,57,52
Laki-laki,Jawa,SMA/SMK,free/reduced,none,75,74,66
Perempuan,Jawa,SMA/SMK,standard,none,62,64,64
Perempuan,Jawa,SMA/SMK,standard,completed,88,99,100
Perempuan,Jawa,SMA/SMK,free/reduced,completed,52,57,56
Perempuan,Jawa,SMA/SMK,standard,completed,57,58,64
Perempuan,Jawa,SMA/SMK,standard,none,78,81,80
Laki-laki,Jawa,SMA/SMK,standard,completed,68,64,66
Perempuan,Jawa,SMA/SMK,standard,none,51,66,62
Perempuan,Jawa,SMA/SMK,standard,none,69,77,73
Laki-laki,Jawa,SMA/SMK,free/reduced,none,60,57,51
Laki-laki,Jawa,SMA/SMK,standard,none,41,52,51
Perempuan,Jawa,SMA/SMK,standard,completed,69,77,78
Perempuan,Jawa,SMA/SMK,standard,none,67,72,74
Laki-laki,Jawa,SMA/SMK,standard,none,46,34,36
Laki-laki,Jawa,SMA/SMK,standard,none,89,87,79
Perempuan,Jawa,SMA/SMK,free/reduced,none,73,92,84
Laki-laki,Jawa,SMA/SMK,standard,none,69,75,71
Laki-laki,Jawa,SMA/SMK,free/reduced,none,66,74,69
Laki-laki,Jawa,SMA/SMK,standard,none,70,70,70
Perempuan,Jawa,SMA/SMK,free/reduced,none,39,52,46
Laki-laki,Jawa,SMA/SMK,standard,none,64,54,50
Laki-laki,Jawa,SMA/SMK,free/reduced,none,44,51,48
Laki-laki,Jawa,SMA/SMK,free/reduced,none,69,70,67
Laki-laki,Jawa,SMA/SMK,standard,none,72,66,66
Laki-laki,Jawa,SMA/SMK,free/reduced,none,74,70,69
Perempuan,Jawa,SMA/SMK,free/reduced,completed,65,61,71
Perempuan,Jawa,SMA/SMK,standard,none,45,63,59
Laki-laki,Jawa,SMA/SMK,standard,completed,55,41,48
Perempuan,Jawa,SMP,free/reduced,none,50,64,59
Perempuan,Jawa,SMP,standard,none,59,58,59
Laki-laki,Jawa,SMP,free/reduced,none,45,37,37
Perempuan,Jawa,SMP,standard,completed,61,74,72
Perempuan,Jawa,SMP,standard,none,73,86,82
Perempuan,Jawa,SMP,standard,none,51,63,61
Perempuan,Jawa,SMP,standard,none,76,72,71
Laki-laki,Jawa,SMP,standard,none,62,67,61
Perempuan,Jawa,SMP,standard,completed,97,100,100
Laki-laki,Jawa,SMP,standard,completed,62,66,68
Laki-laki,Jawa,SMP,standard,completed,74,71,78
Laki-laki,Jawa,SMP,free/reduced,completed,80,79,79
Laki-laki,Jawa,SMP,standard,none,86,80,75
Perempuan,Jawa,SMP,standard,completed,64,60,74
Laki-laki,Jawa,SMP,standard,none,75,74,69
Laki-laki,Jawa,SMP,free/reduced,none,59,42,41
Laki-laki,Jawa,SMP,standard,none,86,73,70
Laki-laki,Jawa,SMP,free/reduced,none,56,54,52
Laki-laki,Jawa,SMP,standard,completed,76,70,69
Perempuan,Jawa,SMP,free/reduced,completed,35,55,60
Perempuan,Jawa,SMP,free/reduced,none,27,34,32
Perempuan,Jawa,SMP,standard,none,73,84,85
Laki-laki,Jawa,SMP,standard,none,74,74,72
Perempuan,Jawa,SMP,standard,none,80,90,82
Laki-laki,Jawa,SMP,standard,none,60,59,54
Laki-laki,Jawa,SMP,standard,completed,89,88,82
Perempuan,Jawa,SMP,standard,none,59,67,61
Laki-laki,Jawa,SMP,free/reduced,none,62,49,52
Perempuan,Jawa,SMP,standard,completed,66,78,78
Laki-laki,Jawa,SMP,standard,none,73,66,62
Perempuan,Jawa,SMP,standard,none,81,97,96
Perempuan,Jawa,SMP,standard,none,65,82,81
Laki-laki,Jawa,SMP,standard,none,84,84,80
Perempuan,Jawa,SMP,standard,completed,80,92,88
Laki-laki,Jawa,SMP,standard,none,69,66,61
Laki-laki,Jawa,SMP,free/reduced,completed,55,59,59
Laki-laki,Jawa,SMP,standard,none,55,47,44
Laki-laki,Jawa,SMP,standard,completed,71,69,68
Perempuan,Jawa,SMP,standard,none,48,58,54
Laki-laki,Jawa,SMP,standard,completed,78,81,86
Perempuan,Jawa,SMP,standard,none,68,71,75
Perempuan,Jawa,SMP,free/reduced,completed,69,86,81
Perempuan,Jawa,SMP,free/reduced,completed,40,65,64
Perempuan,Jawa,SMP,standard,none,59,72,80
Laki-laki,Jawa,SMP,standard,completed,88,74,75
Perempuan,Jawa,SMP,standard,completed,65,78,82
Perempuan,Jawa,SMP,free/reduced,none,67,84,84
Laki-laki,Jawa,SMP,standard,completed,77,68,69
Perempuan,Jawa,SMP,free/reduced,none,48,54,53
Laki-laki,Jawa,SMP,standard,none,81,78,78
Laki-laki,Minang,SD,standard,none,97,87,82
Laki-laki,Minang,SD,standard,none,53,55,48
Perempuan,Minang,SD,standard,completed,63,72,70
Laki-laki,Minang,SD,standard,none,83,80,73
Laki-laki,Minang,SD,free/reduced,completed,87,74,70
Perempuan,Minang,SD,free/reduced,completed,42,55,54
Perempuan,Minang,SD,free/reduced,completed,75,88,85
Laki-laki,Minang,SD,standard,none,59,51,43
Perempuan,Minang,SD,standard,none,62,73,70
Perempuan,Minang,SD,free/reduced,none,71,76,70
Laki-laki,Minang,SD,standard,completed,99,87,81
Laki-laki,Minang,SD,standard,none,66,57,52
Laki-laki,Minang,SD,standard,none,84,77,71
Perempuan,Minang,SD,standard,none,67,76,75
Laki-laki,Minang,SD,standard,none,76,67,67
Laki-laki,Minang,SD,standard,completed,84,83,78
Perempuan,Minang,SD,standard,none,100,92,97
Perempuan,Minang,SD,standard,none,71,70,76
Laki-laki,Minang,SD,standard,none,76,71,72
Perempuan,Minang,SD,standard,completed,66,74,73
Laki-laki,Minang,SD,standard,none,68,60,59
Perempuan,Minang,SD,standard,none,76,78,80
Perempuan,Minang,SD,standard,none,61,64,62
Laki-laki,Minang,SD,standard,none,86,76,74
Perempuan,Minang,SD,standard,completed,73,78,76
Laki-laki,Minang,SD,standard,completed,85,75,68
Laki-laki,Minang,SD,free/reduced,none,93,90,83
Laki-laki,Minang,SD,standard,completed,81,74,71
Perempuan,Minang,SD,free/reduced,none,53,58,57
Laki-laki,Minang,SD,standard,none,68,72,65
Laki-laki,Minang,SD,standard,none,69,60,54
Laki-laki,Minang,SD,free/reduced,completed,49,52,51
Perempuan,Minang,SD,standard,none,87,85,93
Perempuan,Minang,SD,standard,completed,86,85,91
Perempuan,Minang,SD,standard,none,68,70,66
Laki-laki,Minang,D3,standard,completed,81,81,79
Perempuan,Minang,D3,free/reduced,none,50,56,54
Laki-laki,Minang,D3,free/reduced,completed,77,69,68
Perempuan,Minang,D3,standard,completed,82,85,86
Laki-laki,Minang,D3,standard,none,72,64,63
Laki-laki,Minang,D3,standard,completed,66,63,64
Laki-laki,Minang,D3,free/reduced,completed,100,100,93
Perempuan,Minang,D3,standard,none,66,65,69
Perempuan,Minang,D3,free/reduced,completed,83,86,88
Laki-laki,Minang,D3,standard,none,89,76,74
Laki-laki,Minang,D3,standard,completed,97,82,88
Laki-laki,Minang,D3,standard,completed,71,74,68
Laki-laki,Minang,D3,standard,completed,62,56,53
Laki-laki,Minang,D3,standard,none,87,74,76
Laki-laki,Minang,D3,free/reduced,none,46,43,41
Laki-laki,Minang,D3,standard,none,76,71,67
Perempuan,Minang,D3,standard,completed,95,89,92
Laki-laki,Minang,D3,standard,completed,62,61,58
Perempuan,Minang,D3,standard,completed,79,88,94
Laki-laki,Minang,D3,standard,none,53,45,40
Perempuan,Minang,D3,free/reduced,none,73,76,78
Laki-laki,Minang,D3,free/reduced,completed,91,73,80
Perempuan,Minang,D3,standard,completed,65,75,77
Perempuan,Minang,D3,standard,none,84,95,92
Laki-laki,Minang,D3,standard,completed,94,85,82
Perempuan,Minang,D3,free/reduced,completed,57,68,73
Perempuan,Minang,D3,free/reduced,none,70,84,81
Perempuan,Minang,D3,standard,none,87,94,95
Laki-laki,Minang,D3,free/reduced,completed,78,74,72
Laki-laki,Minang,D3,free/reduced,none,90,90,82
Perempuan,Minang,D3,standard,none,51,51,54
Perempuan,Minang,D3,standard,completed,93,100,95
Perempuan,Minang,D3,standard,none,85,92,85
Perempuan,Minang,D3,standard,none,59,62,69
Laki-laki,Minang,D3,free/reduced,none,64,56,52
Laki-laki,Minang,D3,free/reduced,completed,46,43,44
Laki-laki,Minang,D3,standard,none,72,57,62
Perempuan,Minang,D3,standard,none,100,100,100
Perempuan,Minang,D3,standard,none,68,76,67
Laki-laki,Minang,S1,free/reduced,completed,79,74,72
Perempuan,Minang,S1,standard,completed,99,100,100
Laki-laki,Minang,S1,standard,none,82,62,62
Perempuan,Minang,S1,standard,none,80,83,83
Perempuan,Minang,S1,standard,none,65,73,75
Perempuan,Minang,S1,standard,none,64,73,70
Perempuan,Minang,S1,standard,none,100,100,100
Laki-laki,Minang,S1,standard,completed,76,62,66
Laki-laki,Minang,S1,standard,completed,85,66,71
Perempuan,Minang,S1,free/reduced,completed,92,100,100
Laki-laki,Minang,S1,standard,none,68,68,64
Perempuan,Minang,S1,standard,none,37,45,38
Perempuan,Minang,S1,free/reduced,none,61,58,62
Perempuan,Minang,S1,standard,completed,79,81,82
Laki-laki,Minang,S1,free/reduced,completed,70,68,72
Perempuan,Minang,S1,standard,completed,71,70,70
Laki-laki,Minang,S1,standard,completed,70,64,70
Laki-laki,Minang,S1,standard,completed,100,100,100
Perempuan,Minang,S2,free/reduced,none,56,72,65
Perempuan,Minang,S2,standard,none,62,68,68
Perempuan,Minang,S2,standard,none,81,92,91
Perempuan,Minang,S2,free/reduced,none,45,56,54
Perempuan,Minang,S2,standard,completed,94,99,100
Laki-laki,Minang,S2,standard,none,90,85,84
Perempuan,Minang,S2,free/reduced,none,81,86,87
Perempuan,Minang,S2,standard,completed,88,99,95
Laki-laki,Minang,SMA/SMK,standard,none,70,55,56
Perempuan,Minang,SMA/SMK,free/reduced,completed,66,74,78
Perempuan,Minang,SMA/SMK,standard,none,50,50,47
Laki-laki,Minang,SMA/SMK,standard,none,80,76,65
Laki-laki,Minang,SMA/SMK,free/reduced,none,55,56,51
Laki-laki,Minang,SMA/SMK,standard,completed,81,80,76
Laki-laki,Minang,SMA/SMK,standard,completed,87,91,81
Perempuan,Minang,SMA/SMK,standard,none,99,93,90
Perempuan,Minang,SMA/SMK,standard,completed,59,63,75
Perempuan,Minang,SMA/SMK,standard,none,75,86,79
Laki-laki,Minang,SMA/SMK,standard,none,84,73,69
Laki-laki,Minang,SMA/SMK,free/reduced,completed,57,56,54
Perempuan,Minang,SMA/SMK,standard,none,74,81,71
Perempuan,Minang,SMA/SMK,standard,none,74,76,73
Perempuan,Minang,SMA/SMK,standard,completed,74,79,80
Perempuan,Minang,SMA/SMK,free/reduced,none,64,62,68
Perempuan,Minang,SMA/SMK,free/reduced,none,41,45,40
Laki-laki,Minang,SMA/SMK,standard,none,73,64,57
Perempuan,Minang,SMA/SMK,free/reduced,none,57,58,57
Perempuan,Minang,SMA/SMK,free/reduced,completed,57,75,73
Laki-laki,Minang,SMA/SMK,standard,none,94,73,71
Laki-laki,Minang,SMA/SMK,free/reduced,completed,86,81,75
Laki-laki,Minang,SMP,standard,none,30,26,22
Laki-laki,Minang,SMP,standard,none,94,88,78
Laki-laki,Minang,SMP,standard,none,92,87,78
Laki-laki,Minang,SMP,standard,completed,77,76,77
Perempuan,Minang,SMP,free/reduced,none,38,49,45
Laki-laki,Minang,SMP,free/reduced,completed,73,67,59
Laki-laki,Minang,SMP,free/reduced,completed,78,83,80
Perempuan,Minang,SMP,standard,none,77,79,80
Perempuan,Minang,SMP,standard,completed,80,85,85
Laki-laki,Minang,SMP,standard,completed,68,51,57
Perempuan,Minang,SMP,free/reduced,none,72,79,77
Laki-laki,Minang,SMP,standard,completed,89,84,77
Laki-laki,Minang,SMP,standard,completed,87,84,76
Laki-laki,Minang,SMP,standard,none,82,67,61
Perempuan,Minang,SMP,free/reduced,none,32,34,38
Laki-laki,Minang,SMP,standard,completed,74,64,60
Perempuan,Minang,SMP,free/reduced,none,74,74,72
Laki-laki,Minang,SMP,standard,completed,81,75,76
Laki-laki,Mandarin,SD,standard,completed,78,72,70
Laki-laki,Mandarin,SD,free/reduced,completed,50,47,54
Perempuan,Mandarin,SD,standard,none,58,70,67
Laki-laki,Mandarin,SD,free/reduced,completed,81,78,81
Laki-laki,Mandarin,SD,standard,none,69,67,69
Laki-laki,Mandarin,SD,free/reduced,none,28,23,19
Laki-laki,Mandarin,SD,standard,none,53,43,43
Perempuan,Mandarin,SD,free/reduced,none,49,65,55
Laki-laki,Mandarin,SD,standard,completed,61,51,52
Laki-laki,Mandarin,SD,standard,completed,100,96,86
Laki-laki,Mandarin,SD,free/reduced,none,58,60,57
Perempuan,Mandarin,SD,standard,completed,72,79,82
Laki-laki,Mandarin,SD,free/reduced,none,75,81,74
Perempuan,Mandarin,SD,free/reduced,none,61,60,57
Perempuan,Mandarin,SD,standard,none,69,84,82
Perempuan,Mandarin,SD,standard,none,56,58,64
Perempuan,Mandarin,SD,standard,none,54,63,67
Perempuan,Mandarin,SD,standard,completed,78,87,91
Laki-laki,Mandarin,D3,free/reduced,none,47,57,44
Perempuan,Mandarin,D3,standard,completed,55,65,62
Laki-laki,Mandarin,D3,free/reduced,none,62,61,55
Perempuan,Mandarin,D3,free/reduced,none,41,51,48
Laki-laki,Mandarin,D3,standard,none,54,53,47
Laki-laki,Mandarin,D3,standard,none,63,61,61
Laki-laki,Mandarin,D3,free/reduced,completed,79,82,82
Perempuan,Mandarin,D3,free/reduced,none,65,85,76
Laki-laki,Mandarin,D3,standard,completed,97,92,86
Laki-laki,Mandarin,D3,free/reduced,completed,40,55,53
Perempuan,Mandarin,D3,standard,none,82,93,93
Perempuan,Mandarin,D3,standard,completed,65,70,74
Perempuan,Mandarin,D3,free/reduced,none,37,57,56
Laki-laki,Mandarin,D3,standard,none,67,57,53
Laki-laki,Mandarin,S1,standard,completed,80,78,81
Perempuan,Mandarin,S1,standard,none,51,49,51
Laki-laki,Mandarin,S1,standard,none,77,67,68
Laki-laki,Mandarin,S1,free/reduced,completed,49,58,60
Laki-laki,Mandarin,S1,standard,none,66,64,62
Laki-laki,Mandarin,S1,standard,completed,75,58,62
Laki-laki,Mandarin,S1,standard,none,91,96,92
Perempuan,Mandarin,S1,standard,none,59,72,70
Laki-laki,Mandarin,S1,standard,completed,87,84,87
Laki-laki,Mandarin,S1,free/reduced,none,62,72,65
Perempuan,Mandarin,S1,standard,none,45,59,64
Laki-laki,Mandarin,S1,standard,none,64,60,58
Perempuan,Mandarin,S2,standard,none,50,53,58
Laki-laki,Mandarin,S2,free/reduced,none,73,74,72
Perempuan,Mandarin,S2,free/reduced,none,50,67,73
Laki-laki,Mandarin,SMA/SMK,standard,none,57,43,47
Laki-laki,Mandarin,SMA/SMK,standard,completed,72,73,74
Laki-laki,Mandarin,SMA/SMK,free/reduced,none,48,45,41
Laki-laki,Mandarin,SMA/SMK,free/reduced,completed,72,67,65
Perempuan,Mandarin,SMA/SMK,free/reduced,completed,77,88,85
Laki-laki,Mandarin,SMA/SMK,standard,none,59,52,46
Laki-laki,Mandarin,SMA/SMK,standard,none,68,70,66
Perempuan,Mandarin,SMA/SMK,standard,none,55,73,73
Laki-laki,Mandarin,SMA/SMK,standard,none,71,74,64
Perempuan,Mandarin,SMA/SMK,standard,completed,68,80,76
Laki-laki,Mandarin,SMA/SMK,free/reduced,none,53,58,44
Laki-laki,Mandarin,SMA/SMK,free/reduced,none,45,47,49
Perempuan,Mandarin,SMA/SMK,standard,completed,75,82,79
Perempuan,Mandarin,SMA/SMK,standard,none,61,68,63
Perempuan,Mandarin,SMA/SMK,free/reduced,completed,34,48,41
Perempuan,Mandarin,SMA/SMK,free/reduced,completed,53,50,60
Laki-laki,Mandarin,SMA/SMK,standard,none,57,51,54
Laki-laki,Mandarin,SMA/SMK,standard,none,63,63,62
Laki-laki,Mandarin,SMP,free/reduced,none,39,39,34
Laki-laki,Mandarin,SMP,standard,completed,62,67,69
Laki-laki,Mandarin,SMP,free/reduced,none,68,72,64
Laki-laki,Mandarin,SMP,standard,completed,47,49,49
Laki-laki,Mandarin,SMP,standard,completed,46,41,43
Perempuan,Mandarin,SMP,free/reduced,none,44,64,58
Perempuan,Mandarin,SMP,standard,none,71,83,77
Perempuan,Mandarin,SMP,free/reduced,none,38,43,43
Perempuan,Mandarin,SMP,standard,completed,59,85,80
Laki-laki,Mandarin,SMP,free/reduced,none,65,59,53
Perempuan,Mandarin,SMP,free/reduced,none,47,59,50
Perempuan,Mandarin,SMP,free/reduced,none,59,73,69
Laki-laki,Mandarin,SMP,free/reduced,none,79,82,73
Laki-laki,Mandarin,SMP,standard,none,64,50,43
Perempuan,Mandarin,SMP,standard,completed,92,100,97
Perempuan,Mandarin,SMP,standard,none,48,66,65
Laki-laki,Mandarin,SMP,standard,none,71,62,50
Laki-laki,Mandarin,SMP,standard,none,53,54,48
Laki-laki,Mandarin,SMP,free/reduced,none,55,46,43
Laki-laki,Mandarin,SMP,standard,none,51,31,36
Perempuan,Mandarin,SMP,standard,completed,85,90,92
Laki-laki,Mandarin,SMP,free/reduced,completed,61,62,61
Laki-laki,Mandarin,SMP,standard,completed,66,68,64
Perempuan,Mandarin,SMP,free/reduced,none,44,45,45
Perempuan,Melayu,SD,standard,completed,88,95,92
Laki-laki,Melayu,SD,free/reduced,none,40,43,39
Perempuan,Melayu,SD,free/reduced,completed,65,75,70
Laki-laki,Melayu,SD,standard,none,69,54,55
Perempuan,Melayu,SD,standard,none,63,65,61
Laki-laki,Melayu,SD,free/reduced,completed,59,65,66
Perempuan,Melayu,SD,standard,none,79,86,92
Laki-laki,Melayu,SD,standard,none,79,67,67
Laki-laki,Melayu,SD,free/reduced,none,60,60,60
Perempuan,Melayu,SD,free/reduced,none,45,53,55
Perempuan,Melayu,SD,free/reduced,none,74,81,76
Perempuan,Melayu,SD,free/reduced,none,58,61,66
Laki-laki,Melayu,SD,standard,none,54,52,51
Perempuan,Melayu,SD,standard,none,70,75,78
Laki-laki,Melayu,SD,standard,completed,88,85,76
Perempuan,Melayu,SD,free/reduced,none,61,68,66
Laki-laki,Melayu,SD,standard,none,62,61,57
Laki-laki,Melayu,SD,free/reduced,none,41,39,34
Laki-laki,Melayu,SD,free/reduced,none,54,54,45
Laki-laki,Melayu,SD,standard,completed,71,75,70
Perempuan,Melayu,SD,free/reduced,completed,48,56,58
Perempuan,Melayu,SD,standard,none,62,67,67
Perempuan,Melayu,SD,standard,completed,50,64,66
Laki-laki,Melayu,SD,standard,completed,62,66,68
Laki-laki,Melayu,SD,standard,none,47,43,41
Perempuan,Melayu,SD,free/reduced,completed,53,66,73
Laki-laki,Melayu,SD,free/reduced,none,55,55,47
Laki-laki,Melayu,SD,standard,completed,87,84,86
Laki-laki,Melayu,SD,standard,completed,69,77,77
Laki-laki,Melayu,SD,standard,none,66,65,60
Perempuan,Melayu,SD,standard,none,19,38,32
Perempuan,Melayu,SD,standard,none,82,85,87
Laki-laki,Melayu,SD,standard,none,58,50,45
Laki-laki,Melayu,SD,free/reduced,completed,74,77,76
Laki-laki,Melayu,SD,free/reduced,none,75,68,65
Laki-laki,Melayu,SD,standard,completed,91,96,91
Laki-laki,Melayu,SD,free/reduced,completed,60,62,60
Perempuan,Melayu,D3,standard,none,71,83,78
Laki-laki,Melayu,D3,free/reduced,none,57,56,57
Perempuan,Melayu,D3,standard,none,53,58,65
Laki-laki,Melayu,D3,standard,none,65,54,57
Laki-laki,Melayu,D3,free/reduced,none,61,58,56
Laki-laki,Melayu,D3,free/reduced,none,44,41,38
Perempuan,Melayu,D3,standard,none,47,49,50
Perempuan,Melayu,D3,free/reduced,none,52,76,70
Laki-laki,Melayu,D3,standard,completed,91,89,92
Perempuan,Melayu,D3,standard,completed,59,70,66
Perempuan,Melayu,D3,standard,completed,61,86,87
Laki-laki,Melayu,D3,free/reduced,completed,82,78,74
Perempuan,Melayu,D3,standard,none,57,69,68
Laki-laki,Melayu,D3,standard,none,87,85,73
Perempuan,Melayu,D3,standard,completed,52,66,73
Laki-laki,Melayu,D3,standard,completed,81,82,82
Laki-laki,Melayu,D3,free/reduced,none,67,62,60
Laki-laki,Melayu,D3,standard,none,80,76,64
Perempuan,Melayu,D3,free/reduced,none,53,71,67
Perempuan,Melayu,D3,standard,none,73,76,80
Laki-laki,Melayu,D3,standard,none,90,78,81
Perempuan,Melayu,D3,standard,none,80,86,83
Laki-laki,Melayu,D3,standard,completed,65,65,63
Perempuan,Melayu,D3,standard,none,82,80,77
Perempuan,Melayu,D3,standard,none,73,83,76
Laki-laki,Melayu,D3,standard,none,81,73,72
Perempuan,Melayu,D3,standard,completed,90,90,91
Perempuan,Melayu,D3,standard,none,49,52,54
Perempuan,Melayu,D3,standard,completed,94,87,92
Perempuan,Melayu,D3,standard,none,40,48,50
Perempuan,Melayu,D3,free/reduced,none,53,70,70
Laki-laki,Melayu,D3,standard,none,48,43,45
Perempuan,Melayu,D3,standard,none,58,63,65
Laki-laki,Melayu,D3,free/reduced,completed,69,70,63
Perempuan,Melayu,D3,free/reduced,completed,76,94,87
Perempuan,Melayu,D3,free/reduced,completed,68,77,80
Laki-laki,Melayu,D3,free/reduced,completed,58,57,53
Laki-laki,Melayu,D3,standard,none,61,42,41
Laki-laki,Melayu,D3,standard,completed,82,84,78
Perempuan,Melayu,D3,free/reduced,none,46,61,55
Perempuan,Melayu,D3,free/reduced,none,54,65,65
Perempuan,Melayu,S1,standard,none,72,72,74
Perempuan,Melayu,S1,free/reduced,none,75,85,82
Perempuan,Melayu,S1,free/reduced,none,78,79,76
Perempuan,Melayu,S1,standard,none,67,86,83
Laki-laki,Melayu,S1,free/reduced,none,73,56,57
Laki-laki,Melayu,S1,free/reduced,none,88,75,76
Laki-laki,Melayu,S1,standard,none,66,60,57
Laki-laki,Melayu,S1,standard,none,63,71,69
Perempuan,Melayu,S1,standard,none,52,65,69
Perempuan,Melayu,S1,standard,none,61,72,70
Laki-laki,Melayu,S1,free/reduced,none,55,59,54
Laki-laki,Melayu,S1,free/reduced,completed,87,90,88
Laki-laki,Melayu,S1,free/reduced,none,48,51,46
Laki-laki,Melayu,S1,free/reduced,none,62,63,56
Perempuan,Melayu,S1,standard,completed,66,74,81
Perempuan,Melayu,S1,standard,completed,65,81,81
Perempuan,Melayu,S1,free/reduced,none,77,85,87
Laki-laki,Melayu,S1,standard,none,59,54,51
Perempuan,Melayu,S1,standard,none,97,97,96
Perempuan,Melayu,S1,standard,none,75,84,80
Perempuan,Melayu,S2,standard,none,90,95,93
Laki-laki,Melayu,S2,free/reduced,none,49,53,52
Perempuan,Melayu,S2,free/reduced,completed,58,76,78
Perempuan,Melayu,S2,free/reduced,completed,52,70,62
Perempuan,Melayu,S2,free/reduced,completed,77,97,94
Perempuan,Melayu,S2,standard,none,77,90,84
Perempuan,Melayu,SMA/SMK,free/reduced,none,38,60,50
Perempuan,Melayu,SMA/SMK,standard,none,65,81,73
Laki-laki,Melayu,SMA/SMK,free/reduced,none,49,45,45
Laki-laki,Melayu,SMA/SMK,standard,completed,60,44,47
Perempuan,Melayu,SMA/SMK,standard,none,87,95,86
Perempuan,Melayu,SMA/SMK,standard,completed,68,83,78
Perempuan,Melayu,SMA/SMK,free/reduced,completed,46,54,58
Laki-laki,Melayu,SMA/SMK,free/reduced,none,66,77,70
Perempuan,Melayu,SMA/SMK,standard,completed,58,70,68
Perempuan,Melayu,SMA/SMK,standard,none,65,64,62
Perempuan,Melayu,SMA/SMK,standard,completed,69,76,74
Perempuan,Melayu,SMA/SMK,standard,none,58,62,59
Perempuan,Melayu,SMA/SMK,free/reduced,none,50,67,63
Laki-laki,Melayu,SMA/SMK,standard,none,47,46,42
Laki-laki,Melayu,SMA/SMK,standard,completed,72,65,68
Laki-laki,Melayu,SMA/SMK,standard,completed,73,71,68
Perempuan,Melayu,SMA/SMK,standard,none,54,64,68
Perempuan,Melayu,SMA/SMK,free/reduced,completed,67,78,79
Laki-laki,Melayu,SMA/SMK,standard,completed,73,69,68
Laki-laki,Melayu,SMA/SMK,free/reduced,none,63,48,47
Perempuan,Melayu,SMA/SMK,standard,none,81,91,89
Laki-laki,Melayu,SMA/SMK,free/reduced,none,30,24,15
Laki-laki,Melayu,SMA/SMK,standard,none,79,60,65
Perempuan,Melayu,SMA/SMK,free/reduced,completed,67,80,81
Laki-laki,Melayu,SMA/SMK,standard,none,70,65,60
Perempuan,Melayu,SMA/SMK,standard,none,50,53,55
Laki-laki,Melayu,SMA/SMK,standard,none,60,68,60
Laki-laki,Melayu,SMA/SMK,standard,none,62,55,54
Perempuan,Melayu,SMA/SMK,standard,none,62,62,63
Perempuan,Melayu,SMA/SMK,standard,none,74,72,72
Laki-laki,Melayu,SMA/SMK,standard,completed,76,62,60
Laki-laki,Melayu,SMA/SMK,standard,none,52,48,49
Perempuan,Melayu,SMA/SMK,standard,none,66,72,70
Perempuan,Melayu,SMA/SMK,free/reduced,completed,76,85,82
Perempuan,Melayu,SMA/SMK,standard,none,48,62,60
Perempuan,Melayu,SMA/SMK,standard,none,42,52,51
Perempuan,Melayu,SMA/SMK,free/reduced,none,60,72,68
Perempuan,Melayu,SMA/SMK,free/reduced,none,71,87,82
Perempuan,Melayu,SMA/SMK,standard,completed,77,82,89
Perempuan,Melayu,SMA/SMK,free/reduced,completed,23,44,36
Laki-laki,Melayu,SMA/SMK,standard,completed,52,49,46
Laki-laki,Melayu,SMA/SMK,standard,none,59,58,47
Perempuan,Melayu,SMA/SMK,free/reduced,none,64,73,71
Laki-laki,Melayu,SMA/SMK,free/reduced,none,36,29,27
Laki-laki,Melayu,SMA/SMK,standard,none,57,48,51
Perempuan,Melayu,SMA/SMK,standard,none,58,68,61
Laki-laki,Melayu,SMA/SMK,standard,none,82,82,80
Perempuan,Melayu,SMA/SMK,free/reduced,none,8,24,23
Perempuan,Melayu,SMP,free/reduced,none,18,32,28
Laki-laki,Melayu,SMP,standard,none,67,64,61
Laki-laki,Melayu,SMP,standard,completed,65,66,62
Perempuan,Melayu,SMP,standard,none,70,64,72
Laki-laki,Melayu,SMP,standard,none,72,68,67
Laki-laki,Melayu,SMP,standard,completed,51,54,41
Laki-laki,Melayu,SMP,standard,none,88,84,75
Laki-laki,Melayu,SMP,free/reduced,none,48,52,45
Perempuan,Melayu,SMP,standard,none,62,64,66
Laki-laki,Melayu,SMP,standard,completed,84,83,75
Laki-laki,Melayu,SMP,standard,completed,61,56,56
Perempuan,Melayu,SMP,standard,completed,60,70,70
Perempuan,Melayu,SMP,standard,none,37,46,46
Perempuan,Melayu,SMP,standard,none,67,89,82
Perempuan,Melayu,SMP,standard,none,41,55,51
Perempuan,Melayu,SMP,free/reduced,none,24,38,27
Laki-laki,Melayu,SMP,standard,completed,85,84,78
Laki-laki,Melayu,SMP,standard,none,74,63,57
Laki-laki,Melayu,SMP,standard,completed,63,67,67
Laki-laki,Melayu,SMP,standard,completed,64,53,57
Perempuan,Melayu,SMP,standard,none,66,69,68
Perempuan,Melayu,SMP,standard,none,82,82,80
Perempuan,Melayu,SMP,standard,completed,54,61,62
Perempuan,Melayu,SMP,free/reduced,none,72,81,79
Perempuan,Melayu,SMP,standard,none,73,79,79
Perempuan,Melayu,SMP,standard,none,57,67,72
Perempuan,Melayu,SMP,free/reduced,completed,59,63,64
Perempuan,Melayu,SMP,standard,completed,60,70,74
Perempuan,Melayu,SMP,free/reduced,completed,74,90,88
Perempuan,Melayu,SMP,free/reduced,completed,52,67,72
Perempuan,Melayu,SMP,free/reduced,none,49,58,55
Perempuan,Melayu,SMP,standard,completed,32,51,44
Laki-laki,Melayu,SMP,standard,completed,94,86,87
Laki-laki,Melayu,SMP,standard,none,68,54,53
Perempuan,Melayu,SMP,free/reduced,completed,63,78,79
Laki-laki,Melayu,SMP,free/reduced,completed,49,50,52
Laki-laki,Melayu,SMP,standard,completed,79,85,86
Perempuan,Melayu,SMP,standard,completed,65,82,78
